Metric,Value
MSE,702.8792662845091
RMSE,26.511870290202257
MAE,15.979796467009045
