Metric,Value
MSE,688.9406677631423
RMSE,26.247679283379366
MAE,16.61902736787184
