Metric,Value
MSE,644.70166
RMSE,25.390976
MAE,14.498279
