Metric,Value
MSE,743.5314
RMSE,27.26777
MAE,17.43921
