Metric,Value
MSE,734.73883
RMSE,27.106066
MAE,16.372412
